表現,照合する並び,グループ,軸,判定,強さ,判断の理由
新しい,新しい,方向,方向,新しいこと,強い,
初めて,初めて,方向,方向,新しいこと,強い,
未知,未知,方向,方向,新しいこと,強い,
知らない,知ら|ない,方向,方向,新しいこと,強い,「知らない○○」は未経験のものを求める表現
挑戦,挑戦,方向,方向,新しいこと,強い,
変わった,変わっ|た,方向,方向,新しいこと,弱い,
たまには,たま|に|は,方向,方向,新しいこと,弱い,いつもと違うことを求めるが強い新しさではない。janomeでは3語に分かれるため並びで照合
いつもと違う,いつも|と|違う,方向,方向,新しいこと,弱い,
気分転換,気分転換,方向,方向,新しいこと,弱い,
退屈,退屈,状態,方向,新しいこと,弱い,状態を表す語で直接の要望ではないが、今の状態に変化を求めている手がかりとみなす。心の状態は判定しない
暇,暇,状態,方向,新しいこと,弱い,退屈と同じ扱い
いつもの,いつも|の,方向,方向,いつものこと,強い,
慣れた,慣れ|た,方向,方向,いつものこと,強い,
定番,定番,方向,方向,いつものこと,強い,
安心,安心,方向,方向,いつものこと,弱い,
落ち着く,落ち着く,方向,方向,いつものこと,弱い,
何でもいい,何|で|も|いい,方向,方向,どちらでも,,
なんとなく,なんとなく,程度,具体性,低い,,
なんか,なんか,程度,具体性,低い,,「何か」の意味の場合。「映画なんか」のような軽く見る用法と区別が必要（要確認）
何か,何|か,探索,具体性,低い,,
とりあえず,とりあえず,探索,具体性,低い,,
ないかな,ない|か|な,探索,具体性,低い,,形容詞「ない」＋終助詞。否定ではなく「何かないか」という探索・願望の表現
退屈,退屈,状態,具体性,低い,,
暇,暇,状態,具体性,低い,,
外で,外|で,活動,具体性,中くらい,,
家で,家|で,活動,具体性,中くらい,,
体を動かす,体|を|動かす,活動,具体性,中くらい,,
食べる,食べる,活動,具体性,中くらい,,
作る,作る,活動,具体性,中くらい,,
出かける,出かける,活動,具体性,中くらい,,
一人,一|人,関わり,人との関わり,一人で,強い,「一」（数）＋「人」（接尾）の並び。「人が多い」の「人」（一般名詞）とは品詞で区別
ひとりで,ひとり|で,関わり,人との関わり,一人で,強い,
ひっそり,ひっそり,関わり,人との関わり,一人で,弱い,
友達,友達,関わり,人との関わり,誰かと,強い,
家族,家族,関わり,人との関わり,誰かと,強い,
みんな,みんな,関わり,人との関わり,誰かと,強い,
誰か,誰|か,関わり,人との関わり,誰かと,弱い,
一緒に,一緒|に,関わり,人との関わり,誰かと,強い,
仲間,仲間,関わり,人との関わり,誰かと,強い,
人が多い,人|が|多い,関わり,人との関わり,誰かと,弱い,後ろに「苦手」「嫌」が続くと「一人で」に反転する
誰とでも,誰|と|で|も,関わり,人との関わり,どちらでも,,
苦手,苦手,評価,（反転）,避けたい,,直前の対象の向きを反転させる
嫌,嫌,評価,（反転）,避けたい,,直前の対象の向きを反転させる
避けたい,避け|たい,評価,（反転）,避けたい,,
疲れる,疲れる,評価,（反転）,避けたい,,
好き,好き,評価,（維持）,求めている,,直前の対象をそのまま求めているものとする
楽しい,楽しい,評価,（維持）,求めている,,
けど,けど,逆接,（文の区切り）,後ろを重視,,逆接の後ろに本当の要望が来やすい
でも,でも,逆接,（文の区切り）,後ろを重視,,
ちょっと,ちょっと,程度,（強さ）,弱める,,
少し,少し,程度,（強さ）,弱める,,
軽く,軽く,程度,（強さ）,弱める,,
すごく,すごく,程度,（強さ）,強める,,
とても,とても,程度,（強さ）,強める,,
思いっきり,思いっきり,程度,（強さ）,強める,,
本格的に,本格的|に,程度,（強さ）,強める,,
